manuscript_line,section,status,source,text
3,front matter,STRUCTURAL_NONCLAIM,See EXPERIMENT_MAP.md; not independently numerically checked,"\documentclass[smallextended,natbib]{svjour3}"
13,front matter,STRUCTURAL_NONCLAIM,See EXPERIMENT_MAP.md; not independently numerically checked,\setlength{\emergencystretch}{2em}
27,front matter,NONCLAIM_NO_NUMBER,line carries no checkable numeric claim,"\institute{Simhaa T. T. \at Department of Electrical and Electronics Engineering, Sri Sivasubramaniya Nadar College of Engineering, Chennai, Tamil Nadu, India\\ Corresponding author: \email{simhaa2310510@ssn.edu.in}\\ ORCID: 0009-0006-9041-1103 \and Sudheesh Kumar Kattumannil \at Applied Statistics Unit, Indian Statistical Institute, Chennai, Tamil Nadu, India\\ \email{skkattu@isichennai.res.in}}"
32,front matter,VERIFIED_AGAINST_LOGS,results_raw/experiments/crossover_multi.txt; results_raw/experiments/kp_out_of_sample.txt; results_raw/experiments/kp_vs_breslow.txt,"Event times recorded on a coarse grid create two related problems: temporal grouping removes information, and tied failures complicate prediction from a Cox model. We first derive an exact finite-grid identity for Fisher information lost when a continuous survival time is grouped. For an equally spaced refining grid, the loss is quadratic in the interval width. A corresponding expansion is obtained after profiling an interval-specific baseline. We then examine why held-out interval likelihoods from grouped proportional hazards fits can differ from predictions obtained after Cox regression. In 34 configurations from eight public cohorts, Cox coefficients estimated with Efron's tie approximation and combined with a Breslow baseline gave a positive grouped-minus-Cox advantage, expressed as a Cox-minus-grouped negative log-likelihood difference, in 29 configurations. Replacing only the baseline by the Kalbfleisch--Prentice profile estimator reduced the difference to zero or below in 31 configurations; none of the remaining positive differences was resolved by the corrected repeated-split standard error. In four independent SPARCS cohorts, 3 of 12 profile-baseline differences were resolved, but their magnitudes were 1.33\% or less of the corresponding Breslow differences. A controlled simulation further showed that event-tie concentration, rather than concentration of all exit times, orders the predictive discrepancy. The results separate information loss due to grouping from the baseline-estimation effect that dominates the usual Cox prediction comparison under heavy ties."
39,Introduction,CITATION_NONCLAIM,See EXPERIMENT_MAP.md; not independently numerically checked,"Event times are often observed on a grid. Hospital length of stay is typically recorded in whole days, whereas other survival outcomes may be measured more finely and subsequently grouped for analysis. Both situations produce repeated event times, but they do not have the same statistical interpretation. If a latent continuous failure time exists, the grid is a coarsening device. If time is intrinsically discrete, the categories are part of the observation scale itself \citep{tutz2016,nawata2009}."
41,Introduction,CITATION_NONCLAIM,See EXPERIMENT_MAP.md; not independently numerically checked,"For a continuous proportional hazards process, grouping over intervals gives an exact complementary-log-log model with the same covariate coefficient \citep{prentice1978}. This identity is sometimes obscured when tied data are analysed through a Cox partial likelihood. Cox regression estimates the regression coefficient without estimating the baseline hazard directly \citep{cox1972,andersen1993}. Prediction of interval probabilities, however, requires the baseline to be reconstructed after the coefficient has been fitted. The usual choices made at these two stages need not have the same statistical status. Efron's and Breslow's approximations concern tied risk sets in the partial likelihood \citep{breslow1974,efron1977}; the Breslow and Kalbfleisch--Prentice estimators concern the baseline survival used for prediction \citep{kalbfleisch1973,prentice2003,xia2018}."
43,Introduction,CITATION_NONCLAIM,See EXPERIMENT_MAP.md; not independently numerically checked,"Grouped likelihood and a standard Cox prediction pipeline can give different held-out interval likelihoods on coarse grids. That difference need not imply a different proportional-hazards link. Conditional on a fixed Cox coefficient, the Kalbfleisch--Prentice baseline is the profile maximum-likelihood baseline for the grouped complementary-log-log model. This gives a direct decomposition in which the coefficient, test observations and time grid are held fixed while only the baseline estimator changes. The algebra behind the profile estimator is classical \citep{kalbfleisch1973,allison1982}; here it is used to identify the source of the predictive discrepancy."
45,Introduction,CITATION_NONCLAIM,See EXPERIMENT_MAP.md; not independently numerically checked,"A separate question concerns information lost by grouping. Corrections of quadratic order in the grouping width are classical, beginning with Sheppard-type corrections \citep{sheppard1897}. For Cox regression, grouping effects were studied by \citet{mckeague1994,mckeague1996}, and \citet{felsenstein1998} considered asymptotic information loss under a different information criterion. We derive an exact finite-grid identity for a local proportional-hazards direction. The identity gives strict positivity of the loss and yields a quadratic small-bin expansion with an explicit survival-dependent coefficient. We also profile an interval-specific baseline and obtain the corresponding leading term."
47,Introduction,VERIFIED_AGAINST_LOGS,results_raw/experiments/baselines_fair.txt,"The paper has three aims. First, it separates the observation-scale question from the estimation question by distinguishing a refining grid from a fixed discrete grid. Second, it gives finite-grid and small-bin expressions for the information cost of grouping. Third, it decomposes the predictive difference between grouped joint maximum likelihood and Cox-based interval prediction into a coefficient component and a baseline-estimation component. The empirical analysis uses 20 repeated train--test splits with a corrected repeated-split standard error \citep{nadeau2003}. A controlled simulation is used to determine whether the relevant concentration statistic is the modal mass of all exits or the modal mass of failures. A secondary analysis of flexible covariate effects is reported in the Supplementary Material; it is not needed for the main argument."
55,Observation scheme,NONCLAIM_NO_NUMBER,line carries no checkable numeric claim,"Let $T^\ast\in(0,\infty)$ denote a failure time, $C$ a censoring time, and $X\in\mathcal X\subset\mathbb R^d$ a vector of covariates. When a latent continuous failure time is meaningful, write"
57,Observation scheme,NONCLAIM_NO_NUMBER,line carries no checkable numeric claim,"\Lambda(s\mid x)=\int_0^s\lambda(v\mid x)\,dv,"
64,Observation scheme,NONCLAIM_NO_NUMBER,line carries no checkable numeric claim,"0=a_0<a_1<\cdots<a_T=\tau,"
65,Observation scheme,NONCLAIM_NO_NUMBER,line carries no checkable numeric claim,"\qquad I_t=(a_{t-1},a_t]."
76,Observation scheme,NONCLAIM_NO_NUMBER,line carries no checkable numeric claim,"h_t(x)=\Pr\{T^\ast\in I_t\mid T^\ast>a_{t-1},X=x\}."
79,Observation scheme,CITATION_NONCLAIM,See EXPERIMENT_MAP.md; not independently numerically checked,"For intrinsically discrete time, Eq.~\eqref{eq:interval-hazard} is defined directly and no latent continuous $T^\ast$ is required \citep{tutz2016}."
81,Observation scheme,NONCLAIM_NO_NUMBER,line carries no checkable numeric claim,"Two regimes are useful. In regime R1, a continuous or sufficiently fine event time is available before the analyst imposes a grid. Refining the grid is meaningful, and $\Delta\to0$ can be used to study information loss. In regime R2, the categories are the recorded time scale. The number and meaning of those categories are features of the data rather than asymptotic approximations to an unobserved ordering. The labels R1 and R2 describe the observation scheme used in an analysis; they do not assert a biological property of a dataset."
88,Exact grouped representation,NONCLAIM_NO_NUMBER,line carries no checkable numeric claim,h_t(x)=1-\frac{S(a_t\mid x)}{S(a_{t-1}\mid x)}
89,Exact grouped representation,NONCLAIM_NO_NUMBER,line carries no checkable numeric claim,       =1-\exp\{-u_t(x)\}.
94,Exact grouped representation,NONCLAIM_NO_NUMBER,line carries no checkable numeric claim,"\lambda(s\mid x)=\lambda_0(s)\exp\{g(x)\},"
99,Exact grouped representation,NONCLAIM_NO_NUMBER,line carries no checkable numeric claim,"u_t(x)=\exp\{g(x)\}\int_{I_t}\lambda_0(s)\,ds."
103,Exact grouped representation,NONCLAIM_NO_NUMBER,line carries no checkable numeric claim,"\alpha_t=\log\int_{I_t}\lambda_0(s)\,ds,"
107,Exact grouped representation,NONCLAIM_NO_NUMBER,line carries no checkable numeric claim,"\log\{-\log[1-h_t(x)]\}=\alpha_t+g(x),"
109,Exact grouped representation,NONCLAIM_NO_NUMBER,line carries no checkable numeric claim,h_t(x)=1-\exp[-\exp\{\alpha_t+g(x)\}].
112,Exact grouped representation,CITATION_NONCLAIM,See EXPERIMENT_MAP.md; not independently numerically checked,"Thus grouping a continuous proportional hazards model does not change the covariate effect; it changes the interval baseline \citep{prentice1978}. The same equation can also be specified directly on a discrete time scale \citep{allison1982,tutz2016}."
116,Exact grouped representation,NONCLAIM_NO_NUMBER,line carries no checkable numeric claim,y_{it}=\delta_i\mathbf 1\{K_i=t\}.
121,Exact grouped representation,NONCLAIM_NO_NUMBER,line carries no checkable numeric claim,\prod_{i=1}^n\prod_{t=E_i}^{K_i}
122,Exact grouped representation,NONCLAIM_NO_NUMBER,line carries no checkable numeric claim, h_t(X_i)^{y_{it}}\{1-h_t(X_i)\}^{1-y_{it}}.
125,Exact grouped representation,CITATION_NONCLAIM,See EXPERIMENT_MAP.md; not independently numerically checked,"This is the standard person-period Bernoulli representation \citep{prentice1978,tutz2016}. If censoring occurs inside an interval, a full-interval contribution is not exact. Section~\ref{sec:sensitivity} reports a partial-interval sensitivity analysis for that case."
130,Cox coefficients and baseline reconstruction,CITATION_NONCLAIM,See EXPERIMENT_MAP.md; not independently numerically checked,"For $g(x)=\beta^\top x$, Cox regression estimates $\beta$ from the partial likelihood \citep{cox1972}. When $d_j$ failures occur at the same recorded time $\tau_j$, Efron's approximation is"
134,Cox coefficients and baseline reconstruction,NONCLAIM_NO_NUMBER,line carries no checkable numeric claim,{\displaystyle\prod_{\ell=0}^{d_j-1}
139,Cox coefficients and baseline reconstruction,CITATION_NONCLAIM,See EXPERIMENT_MAP.md; not independently numerically checked,where $D_j$ is the tied failure set and $R_j$ is the risk set \citep{efron1977}. The empirical analyses use the Efron coefficient estimate $\widehat\beta_E$ unless stated otherwise.
147,Cox coefficients and baseline reconstruction,NONCLAIM_NO_NUMBER,line carries no checkable numeric claim,"\Delta\widehat\Lambda_{0,B,t}"
154,Cox coefficients and baseline reconstruction,NONCLAIM_NO_NUMBER,line carries no checkable numeric claim,"1-\exp\{-\Delta\widehat\Lambda_{0,B,t}\exp(\widehat\beta_E^\top x)\}."
157,Cox coefficients and baseline reconstruction,CITATION_NONCLAIM,See EXPERIMENT_MAP.md; not independently numerically checked,"The Breslow estimator is widely used after Cox regression \citep{breslow1974,xia2018}."
161,Cox coefficients and baseline reconstruction,NONCLAIM_NO_NUMBER,line carries no checkable numeric claim,\sum_{i\in D_t}\frac{r_i}{1-a_t^{r_i}}
168,Cox coefficients and baseline reconstruction,NONCLAIM_NO_NUMBER,line carries no checkable numeric claim,"\widehat h_{KP,t}(x)=1-\widehat a_t^{\exp(\widehat\beta_E^\top x)}."
171,Cox coefficients and baseline reconstruction,CITATION_NONCLAIM,See EXPERIMENT_MAP.md; not independently numerically checked,"This is the Kalbfleisch--Prentice baseline construction and, conditional on $\beta$, the profile maximum-likelihood baseline for the grouped complementary-log-log model \citep{kalbfleisch1973,allison1982}. The relation is classical. We use it to isolate the contribution of baseline estimation; no novelty is claimed for Eq.~\eqref{eq:kp-score}. Earlier empirical comparisons of Breslow and Kalbfleisch--Prentice survival estimators have also reported differences in bias and mean squared error \citep{xia2018}."
179,Finite-grid identity,NONCLAIM_NO_NUMBER,line carries no checkable numeric claim,"Consider regime R1, condition on $X=x$, and suppose subjects enter at zero and are administratively censored at $\tau$. For a scalar local parameter that adds to the log integrated hazard, write $u=e^\eta$ and $h=1-e^{-u}$. The Bernoulli Fisher information for $\eta$ is \citep{vanderVaart1998}"
181,Finite-grid identity,NONCLAIM_NO_NUMBER,line carries no checkable numeric claim,g(u)=\frac{(\partial h/\partial\eta)^2}{h(1-h)}
182,Finite-grid identity,NONCLAIM_NO_NUMBER,line carries no checkable numeric claim,    =\frac{u^2e^{-u}}{1-e^{-u}}.
187,Finite-grid identity,NONCLAIM_NO_NUMBER,line carries no checkable numeric claim,\mathcal I_T(x)=\sum_{t=1}^T S(a_{t-1}\mid x)g\{u_t(x)\}.
192,Finite-grid identity,NONCLAIM_NO_NUMBER,line carries no checkable numeric claim,"\mathcal I_\infty(x)=\int_0^\tau S(s\mid x)\lambda(s\mid x)\,ds"
193,Finite-grid identity,NONCLAIM_NO_NUMBER,line carries no checkable numeric claim,=1-S(\tau\mid x).
199,Finite-grid identity,NONCLAIM_NO_NUMBER,line carries no checkable numeric claim,"For any finite grid in Eq.~\eqref{eq:grid} with $0<u_t(x)<\infty$,"
203,Finite-grid identity,NONCLAIM_NO_NUMBER,line carries no checkable numeric claim,"\sum_{t=1}^T S(a_{t-1}\mid x)\psi\{u_t(x)\},"
208,Finite-grid identity,NONCLAIM_NO_NUMBER,line carries no checkable numeric claim,\psi(u)=(1-e^{-u})-\frac{u^2e^{-u}}{1-e^{-u}}.
217,Finite-grid identity,NONCLAIM_NO_NUMBER,line carries no checkable numeric claim,=S(a_{t-1}\mid x)\{1-e^{-u_t(x)}\}.
226,Finite-grid identity,NONCLAIM_NO_NUMBER,line carries no checkable numeric claim,"For every $u>0$, $\psi(u)>0$. Therefore $\mathcal I_T(x)<\mathcal I_\infty(x)$ whenever an interval has positive hazard."
230,Finite-grid identity,NONCLAIM_NO_NUMBER,line carries no checkable numeric claim,"Because $1-e^{-u}>0$,"
232,Finite-grid identity,NONCLAIM_NO_NUMBER,line carries no checkable numeric claim,\psi(u)>0
233,Finite-grid identity,NONCLAIM_NO_NUMBER,line carries no checkable numeric claim,&\iff(1-e^{-u})^2>u^2e^{-u}\\
234,Finite-grid identity,NONCLAIM_NO_NUMBER,line carries no checkable numeric claim,&\iff\{e^{u/2}-e^{-u/2}\}^2>u^2\\
235,Finite-grid identity,NONCLAIM_NO_NUMBER,line carries no checkable numeric claim,&\iff 2\sinh(u/2)>u.
237,Finite-grid identity,NONCLAIM_NO_NUMBER,line carries no checkable numeric claim,The last inequality is strict for $u>0$.
245,Small-bin expansion,VERIFIED_AGAINST_LOGS,results_raw/experiments/ab_clamped.txt; results_raw/experiments/kp_out_of_sample.txt,"\psi(u)=\frac{u^3}{12}-\frac{u^4}{24}+\frac{7u^5}{720}+O(u^6),"
246,Small-bin expansion,NONCLAIM_NO_NUMBER,line carries no checkable numeric claim,\qquad u\downarrow0.
249,Small-bin expansion,NONCLAIM_NO_NUMBER,line carries no checkable numeric claim,It follows from the Bernoulli-number expansion of $u/(e^u-1)$.
251,Small-bin expansion,NONCLAIM_NO_NUMBER,line carries no checkable numeric claim,"For the next result, let $a_t=t\Delta$, with $\Delta=\tau/T$. Assume that $\lambda(s\mid x)$ is uniformly bounded on $[0,\tau]\times\mathcal X$ and continuously differentiable in $s$, with the derivative uniformly bounded."
259,Small-bin expansion,NONCLAIM_NO_NUMBER,line carries no checkable numeric claim,\frac{\Delta^2}{12}
260,Small-bin expansion,NONCLAIM_NO_NUMBER,line carries no checkable numeric claim,"\int_0^\tau S(s\mid x)\lambda(s\mid x)^3\,ds"
261,Small-bin expansion,NONCLAIM_NO_NUMBER,line carries no checkable numeric claim,"+O(\Delta^3),"
269,Small-bin expansion,NONCLAIM_NO_NUMBER,line carries no checkable numeric claim,"$\psi\{u_t(x)\}=u_t(x)^3/12+O(\Delta^4)$. For some $\zeta_t\in I_t$,"
274,Small-bin expansion,NONCLAIM_NO_NUMBER,line carries no checkable numeric claim,\frac{\Delta^3}{12}\sum_{t=1}^T
275,Small-bin expansion,NONCLAIM_NO_NUMBER,line carries no checkable numeric claim,S(a_{t-1}\mid x)\lambda(\zeta_t\mid x)^3
276,Small-bin expansion,NONCLAIM_NO_NUMBER,line carries no checkable numeric claim,+O(T\Delta^4).
278,Small-bin expansion,NONCLAIM_NO_NUMBER,line carries no checkable numeric claim,"Since $T=\tau/\Delta$, the remainder is $O(\Delta^3)$. The first term is a Riemann sum; the stated smoothness gives the same order for its approximation error."
281,Small-bin expansion,NONCLAIM_NO_NUMBER,line carries no checkable numeric claim,"The $\Delta^2$ order is consistent with the classical family of grouping corrections \citep{sheppard1897,mckeague1994,mckeague1996,felsenstein1998}. Equation~\eqref{eq:small-bin-loss} supplies the coefficient for the present local proportional-hazards direction. It is a statement about R1. It does not prescribe a fictitious continuous scale for an intrinsically discrete outcome."
290,Profiling an interval-specific baseline,NONCLAIM_NO_NUMBER,line carries no checkable numeric claim,"where $v$ is a scalar covariate direction and $\alpha=(\alpha_1,\ldots,\alpha_T)^\top$ is unknown. Let"
303,Profiling an interval-specific baseline,NONCLAIM_NO_NUMBER,line carries no checkable numeric claim,\sum_{t=1}^T\left[
304,Profiling an interval-specific baseline,NONCLAIM_NO_NUMBER,line carries no checkable numeric claim,\mathbb E\{v(X)^2W_t(X)\}
306,Profiling an interval-specific baseline,NONCLAIM_NO_NUMBER,line carries no checkable numeric claim,\frac{\mathbb E\{v(X)W_t(X)\}^2}{\mathbb E\{W_t(X)\}}
315,Profiling an interval-specific baseline,NONCLAIM_NO_NUMBER,line carries no checkable numeric claim,"\mathcal I_{\beta\beta}&=\sum_t\mathbb E(v^2W_t),\\"
317,Profiling an interval-specific baseline,NONCLAIM_NO_NUMBER,line carries no checkable numeric claim,\mathcal I_{\alpha_t\alpha_s}&=\mathbf 1\{t=s\}\mathbb E(W_t).
326,Profiling an interval-specific baseline,NONCLAIM_NO_NUMBER,line carries no checkable numeric claim,\bar v(s)=\frac{m_1(s)}{m_0(s)}.
329,Profiling an interval-specific baseline,NONCLAIM_NO_NUMBER,line carries no checkable numeric claim,"Assume $m_0,m_1,m_2$ are three times continuously differentiable on $[0,\tau]$, their derivatives are bounded, and $m_0(s)$ is bounded away from zero. These conditions are stronger than those needed for Theorem~\ref{thm:small-bin}; they are imposed to control the second-order profile expansion."
337,Profiling an interval-specific baseline,NONCLAIM_NO_NUMBER,line carries no checkable numeric claim,\frac{\Delta^2}{12}
339,Profiling an interval-specific baseline,NONCLAIM_NO_NUMBER,line carries no checkable numeric claim,\int_0^\tau
340,Profiling an interval-specific baseline,NONCLAIM_NO_NUMBER,line carries no checkable numeric claim,"\mathbb E\left\{[v(X)-\bar v(s)]^2S(s\mid X)\lambda(s\mid X)^3\right\}\,ds"
343,Profiling an interval-specific baseline,NONCLAIM_NO_NUMBER,line carries no checkable numeric claim,"\int_0^\tau m_0(s)\{\bar v'(s)\}^2\,ds"
344,Profiling an interval-specific baseline,NONCLAIM_NO_NUMBER,line carries no checkable numeric claim,\Bigg]+O(\Delta^3).
351,Profiling an interval-specific baseline,VERIFIED_AGAINST_LOGS,results_raw/experiments/baselines_fair.txt; results_raw/experiments/competing_risks.txt; results_raw/experiments/interp_supportpycox.txt,"A full proof is given in Supplementary Section~S1. Numerical checks used unequal grids, several hazard shapes and covariate configurations. The finite-grid identity agreed to about $1.1\times10^{-16}$ in the tested cases. For bounded smooth hazards, halving $\Delta$ reduced the small-bin error by a factor approaching four, and the fitted log--log slope was 2.0000. In a Monte Carlo check of coefficient information, empirical-to-predicted standard-deviation ratios for $T=4,8,16,32$ were 0.980, 0.939, 1.043 and 0.978, respectively. These checks test the implementation of the formulas; they are not substitutes for the analytic results."
382,Three prediction arms,VERIFIED_AGAINST_LOGS,results_raw/experiments/ab_noclamp.txt,"When $|D_B|>10^{-4}$ we also report $100D_{\mathrm{base}}/D_B$ as a descriptive baseline share. Values above 100\% can occur if $D_{KP}$ changes sign, so this percentage is not constrained to $[0,100]$."
390,Tie concentration,NONCLAIM_NO_NUMBER,line carries no checkable numeric claim,\max_{1\le t\le T}
391,Tie concentration,NONCLAIM_NO_NUMBER,line carries no checkable numeric claim,\frac{\sum_{i=1}^n\delta_i\mathbf 1\{K_i=t\}}
392,Tie concentration,NONCLAIM_NO_NUMBER,line carries no checkable numeric claim,{\sum_{i=1}^n\delta_i}.
398,Tie concentration,NONCLAIM_NO_NUMBER,line carries no checkable numeric claim,\max_{1\le t\le T}
399,Tie concentration,NONCLAIM_NO_NUMBER,line carries no checkable numeric claim,\frac{1}{n}\sum_{i=1}^n\mathbf 1\{K_i=t\}.
407,Datasets and splitting protocol,VERIFIED_AGAINST_LOGS,results_raw/experiments/crossover_multi.txt,"Eight public cohorts are used in the 34-configuration main analysis. Four have a native discrete time scale in the supplied data, and four begin from a finer recorded time that is grouped for the experiment. A ninth cohort is used only in the flexibility analysis reported in the Supplementary Material. Table~\ref{tab:datasets} gives the sources. All analyses use de-identified secondary data."
410,Datasets and splitting protocol,VERIFIED_AGAINST_LOGS,results_raw/experiments/crossover_multi.txt,"\caption{Public datasets used in the study. The regime label describes the time scale used in the present experiment. The DRSA music analysis uses a 50,000-record sample.}"
414,Datasets and splitting protocol,NONCLAIM_NO_NUMBER,line carries no checkable numeric claim,\begin{tabular}{@{}lrrp{0.43\textwidth}@{}}
418,Datasets and splitting protocol,VERIFIED_AGAINST_LOGS,results_raw/experiments/baselines_fair.txt,"support2/slos & 9,105 & R2 & SUPPORT \citep{support1995,vanderbiltSupport2026} \\"
419,Datasets and splitting protocol,VERIFIED_AGAINST_LOGS,results_raw/experiments/baselines_fair.txt,"sparcs/drg302 & 34,233 & R2 & SPARCS \citep{nysdoh2012sparcs} \\"
420,Datasets and splitting protocol,VERIFIED_AGAINST_LOGS,results_raw/experiments/crossover_multi.txt,"drsa/clinic & 4,828 & R2 & DRSA \citep{ren2019drsa} \\"
421,Datasets and splitting protocol,VERIFIED_AGAINST_LOGS,results_raw/experiments/crossover_multi.txt,"drsa/music & 50,000 & R2 & DRSA \citep{ren2019drsa} \\"
422,Datasets and splitting protocol,VERIFIED_AGAINST_LOGS,results_raw/experiments/baselines_fair.txt,"support-pycox & 8,873 & R1 & SUPPORT/pycox \citep{support1995,kvamme2019pycox} \\"
423,Datasets and splitting protocol,VERIFIED_AGAINST_LOGS,results_raw/experiments/baselines_fair.txt,"flchain & 7,874 & R1 & FLC cohort \citep{dispenzieri2012flchain} \\"
424,Datasets and splitting protocol,VERIFIED_AGAINST_LOGS,results_raw/experiments/baselines_fair.txt,"nwtco & 4,028 & R1 & NWTS cohort \citep{breslow1999nwtco} \\"
425,Datasets and splitting protocol,NONCLAIM_NO_NUMBER,line carries no checkable numeric claim,"metabric & 1,904 & R1 & METABRIC \citep{curtis2012metabric} \\"
426,Datasets and splitting protocol,VERIFIED_AGAINST_LOGS,results_raw/experiments/baselines_fair.txt,"rotgbsg & 2,232 & R1 & Rotterdam/GBSG benchmark \citep{foekens2000rotterdam,schumacher1994gbsg,katzman2018deepsurv} \\"
432,Datasets and splitting protocol,VERIFIED_AGAINST_LOGS,results_raw/experiments/ab_clamped.txt; results_raw/experiments/baselines_fair.txt; results_raw/experiments/kp_vs_breslow.txt,"Each main configuration is evaluated on 20 repeated 70/30 train--test splits. The split is shared across all arms. Covariate preprocessing is learned from the training observations only. If $D_1,\ldots,D_R$ are paired test-set differences and $s_D^2$ is their sample variance, uncertainty is summarized by the Nadeau--Bengio corrected repeated-split standard error \citep{nadeau2003}"
436,Datasets and splitting protocol,NONCLAIM_NO_NUMBER,line carries no checkable numeric claim,\left[\left(\frac{1}{R}+\frac{n_{\rm test}}{n_{\rm train}}\right)s_D^2\right]^{1/2}.
439,Datasets and splitting protocol,VERIFIED_AGAINST_LOGS,results_raw/experiments/ab_clamped.txt; results_raw/experiments/flexibility_flchain.txt; results_raw/experiments/kp_vs_breslow.txt,"With a 70/30 split, the correction retains a non-zero variance component even as the number of repeated splits increases. For descriptive reporting, a paired contrast is called resolved when $|\bar D|>1.96\operatorname{SE}_{NB}$. This label is not used as a multiplicity-adjusted hypothesis test."
447,Baseline estimation accounts for most of the predictive difference,VERIFIED_AGAINST_LOGS,results_raw/experiments/crossover_multi.txt; results_raw/experiments/flexibility_flchain.txt; results_raw/experiments/kp_out_of_sample.txt,"Across the 34 main configurations, $D_B$ was positive in 29. By contrast, $D_{KP}$ was zero or negative in 31 configurations, and none of the three positive $D_{KP}$ values exceeded 1.96 corrected standard errors. Figure~\ref{fig:baseline-decomposition} shows the full sweep against modal event mass. Table~\ref{tab:main-examples} gives four representative configurations; all 34 configurations are reported in Supplementary Tables~S1 and S2."
451,Baseline estimation accounts for most of the predictive difference,NONCLAIM_NO_NUMBER,line carries no checkable numeric claim,\includegraphics[width=\textwidth]{figures/F1_baseline_decomposition.pdf}
452,Baseline estimation accounts for most of the predictive difference,VERIFIED_AGAINST_LOGS,results_raw/experiments/crossover_multi.txt,\caption{Baseline-estimator decomposition over all 34 main configurations. The two panels use the same Efron Cox coefficient and the same test observations. Panel (a) reconstructs the baseline with the Breslow estimator; panel (b) replaces only that baseline by the Kalbfleisch--Prentice/profile estimator. Error bars are Nadeau--Bengio corrected repeated-split standard errors. The vertical scales differ between panels so that the residual profile-baseline differences remain visible.}
466,Baseline estimation accounts for most of the predictive difference,VERIFIED_AGAINST_LOGS,results_raw/experiments/flexibility_flchain.txt; results_raw/experiments/kp_vs_breslow.txt; results_raw/experiments/ordering_variable.txt,"support-pycox, $T=4$ & 0.261 & 0.00892 & 0.00173 & -0.00006 & 0.00007 \\"
467,Baseline estimation accounts for most of the predictive difference,VERIFIED_AGAINST_LOGS,results_raw/experiments/crossover_estimator.txt; results_raw/experiments/flexibility_flchain.txt; results_raw/experiments/kp_vs_breslow.txt,"support2/slos, $T=6$ & 0.491 & 0.03928 & 0.00446 & -0.00027 & 0.00045 \\"
468,Baseline estimation accounts for most of the predictive difference,VERIFIED_AGAINST_LOGS,results_raw/experiments/kp_vs_breslow.txt; results_raw/experiments/multi_results.txt,"drsa/clinic, $T=5$ & 0.837 & 0.10464 & 0.00762 & -0.00069 & 0.00060 \\"
469,Baseline estimation accounts for most of the predictive difference,VERIFIED_KEYED_TABLE,protocol_decomp.txt full-cohort Efron rows,"sparcs/drg302, $T=6$ & 0.903 & 0.29336 & 0.00261 & 0.00135 & 0.00128 \\"
475,Baseline estimation accounts for most of the predictive difference,VERIFIED_AGAINST_LOGS,results_raw/experiments/ab_noclamp.txt; results_raw/experiments/baselines_fair.txt; results_raw/experiments/flexibility_support-pycox.txt,"The largest standard-pipeline difference occurred for sparcs/drg302 at $T=6$: $D_B=0.29336$ with corrected SE 0.00261. With the coefficient and test rows unchanged, substitution of the profile baseline reduced the difference to $D_{KP}=0.00135$ with corrected SE 0.00128. Similar reductions occurred in clinic and support2. Among configurations with $|D_B|>10^{-4}$, the median descriptive baseline share was 100.9\%. Ratios above 100\% reflect small negative $D_{KP}$ values rather than an effect larger than the original difference."
477,Baseline estimation accounts for most of the predictive difference,VERIFIED_AGAINST_LOGS,results_raw/experiments/ab_noclamp.txt; results_raw/experiments/baselines_fair.txt; results_raw/experiments/crossover_estimator.txt,"The 20-split rerun also removed the sign-crossing pattern seen in the earlier, smaller experiment. For support2, $D_B$ decreased from 0.03928 at $T=6$ to 0.00041 at $T=60$ but remained positive. For the music cohort it decreased from 0.02025 at $T=6$ to 0.00028 at $T=60$ and again remained positive. We therefore do not estimate a universal or cohort-specific crossover threshold from these data."
484,Independent SPARCS validation,VERIFIED_AGAINST_LOGS,results_raw/experiments/ab_clamped.txt; results_raw/experiments/crossover_multi.txt,"To check whether the near-zero profile-baseline result was specific to the cohorts used to develop the comparison, four additional SPARCS APR-DRG groups were analysed. None was used in the preceding 34-configuration summary. Each group was capped at 50,000 observations and analysed at $T=6,15,30$ using 10 repeated splits."
495,Independent SPARCS validation,VERIFIED_KEYED_TABLE,"kp_out_of_sample.txt, cohort and T key",drg640 & 6  & 0.9884 & 0.42344 & 0.00131 & 0.00340 & 0.00051 \\
496,Independent SPARCS validation,VERIFIED_KEYED_TABLE,"kp_out_of_sample.txt, cohort and T key",drg640 & 15 & 0.6489 & 0.17770 & 0.00217 & 0.00048 & 0.00150 \\
497,Independent SPARCS validation,VERIFIED_KEYED_TABLE,"kp_out_of_sample.txt, cohort and T key",drg640 & 30 & 0.5831 & 0.10006 & 0.00187 & 0.00067 & 0.00152 \\
498,Independent SPARCS validation,VERIFIED_KEYED_TABLE,"kp_out_of_sample.txt, cohort and T key",drg560 & 6  & 0.9900 & 0.42706 & 0.00311 & 0.00188 & 0.00221 \\
499,Independent SPARCS validation,VERIFIED_KEYED_TABLE,"kp_out_of_sample.txt, cohort and T key",drg560 & 15 & 0.6525 & 0.19123 & 0.00296 & 0.00017 & 0.00150 \\
500,Independent SPARCS validation,VERIFIED_KEYED_TABLE,"kp_out_of_sample.txt, cohort and T key",drg560 & 30 & 0.6012 & 0.13561 & 0.00258 & 0.00040 & 0.00044 \\
501,Independent SPARCS validation,VERIFIED_KEYED_TABLE,"kp_out_of_sample.txt, cohort and T key",drg540 & 6  & 0.9372 & 0.34261 & 0.00217 & 0.00455 & 0.00075 \\
502,Independent SPARCS validation,VERIFIED_KEYED_TABLE,"kp_out_of_sample.txt, cohort and T key",drg540 & 15 & 0.7754 & 0.21119 & 0.00244 & 0.00175 & 0.00029 \\
503,Independent SPARCS validation,VERIFIED_KEYED_TABLE,"kp_out_of_sample.txt, cohort and T key",drg540 & 30 & 0.4657 & 0.07957 & 0.00198 & 0.00017 & 0.00011 \\
504,Independent SPARCS validation,VERIFIED_KEYED_TABLE,"kp_out_of_sample.txt, cohort and T key",drg720 & 6  & 0.4207 & 0.05641 & 0.00176 & 0.00037 & 0.00022 \\
505,Independent SPARCS validation,VERIFIED_KEYED_TABLE,"kp_out_of_sample.txt, cohort and T key",drg720 & 15 & 0.1946 & 0.01167 & 0.00097 & -0.00001 & 0.00006 \\
506,Independent SPARCS validation,VERIFIED_KEYED_TABLE,"kp_out_of_sample.txt, cohort and T key",drg720 & 30 & 0.0990 & 0.00306 & 0.00056 & -0.00001 & 0.00002 \\
512,Independent SPARCS validation,VERIFIED_AGAINST_LOGS,results_raw/experiments/ab_clamped.txt; results_raw/experiments/kp_out_of_sample.txt; results_raw/experiments/kp_vs_breslow.txt,"All 12 $D_B$ values were resolved and positive. Three of the 12 $D_{KP}$ values were also resolved and positive: drg640 at $T=6$, and drg540 at $T=6$ and $T=15$. The profile-baseline residual therefore is not identically zero. It is small relative to the original effect: across the 12 rows it ranged from $-0.33\%$ to $1.33\%$ of $D_B$, corresponding to a baseline share between 98.7\% and 100.2\%. The residual was ordered by tie concentration in this validation set (Spearman correlation 0.832 with the stored modal-exit mass), but the sample is too small and the grid dependence too strong to justify a numerical threshold."
517,Event concentration rather than censoring concentration,VERIFIED_SUPERSEDED_QUOTED_ON_PURPOSE,"quotes retired values (0.8742, 0.3712) beside their replacements; see RELEASE_BLOCKERS item 4","On the native discrete cohorts, $M_T^{(A)}$ and $M_T^{(E)}$ move together, so their empirical correlations with $D_B$ do not identify which feature matters. A 27-cell simulation was therefore constructed to vary the concentration of censoring independently of the concentration of failures. Across these cells, the Spearman correlation between $D_B$ and the modal mass of all exits was $-0.1422$. The corresponding correlation with modal event mass was 0.8742. Events per interval had correlation 0.3712."
521,Event concentration rather than censoring concentration,NONCLAIM_NO_NUMBER,line carries no checkable numeric claim,\includegraphics[width=\textwidth]{figures/F2_event_concentration.pdf}
522,Event concentration rather than censoring concentration,VERIFIED_AGAINST_LOGS,results_raw/experiments/simulations_e8.txt,"\caption{Identified comparison of concentration measures in the 27-cell simulation. Baseline hazard level, sample size and grid size were crossed so that concentration of all exits could vary separately from concentration of failures. Modal mass of all exits does not order $D_B$ in this design (panel a), whereas modal event mass does (panel b). Error bars are corrected repeated-split standard errors.}"
529,Event concentration rather than censoring concentration,VERIFIED_AGAINST_LOGS,results_raw/experiments/ab_clamped.txt; results_raw/experiments/ab_noclamp.txt; results_raw/experiments/baselines_fair.txt,"A second simulation checked a different possible interpretation. A continuous Weibull proportional hazards process was generated and then grouped exactly on the analysis grid. At $n=10{,}000$ without censoring and Weibull shape 0.8, the grouped coefficient bias stayed near 0.5\% for all tested grids. The Cox coefficient bias was 35.6\% at $T=2$, 20.5\% at $T=4$, 9.9\% at $T=8$, 3.0\% at $T=20$ and 1.2\% at $T=40$. The corresponding $D_B$ values were 0.17259, 0.10160, 0.04594, 0.01292 and 0.00341. Exactness of the grouped representation therefore does not imply equality of the two estimators after failure times have been tied. It guarantees correctness of the grouped complementary-log-log model under the simulated data-generating process."
533,Event concentration rather than censoring concentration,NONCLAIM_NO_NUMBER,line carries no checkable numeric claim,\includegraphics[width=\textwidth]{figures/F3_grouped_weibull.pdf}
534,Event concentration rather than censoring concentration,VERIFIED_AGAINST_LOGS,results_raw/experiments/ab_clamped.txt,"\caption{Controlled Weibull proportional-hazards experiment with $n=10{,}000$, shape 0.8 and no censoring. Failure times were generated continuously and then grouped exactly on the analysis grid. The grouped complementary-log-log coefficient remains close to the generating value while the Cox/Efron coefficient is attenuated on coarse grids (panel a). The corresponding Cox-Breslow minus grouped test negative log-likelihood difference decreases as the grid is refined (panel b).}"
539,Event concentration rather than censoring concentration,VERIFIED_AGAINST_LOGS,results_raw/experiments/competing_risks.txt,"A further link-misspecification simulation generated discrete hazards from a logistic rather than complementary-log-log model. The correctly specified logit likelihood had the better link likelihood in all 16 tested cells, while the original grouped-versus-Cox $D_B$ remained positive in all 16. Thus $D_B$ should not be interpreted as a measure of whether the complementary-log-log link is correct."
544,Censoring and grid sensitivity,NONCLAIM_NO_NUMBER,line carries no checkable numeric claim,"The exact Bernoulli product in Eq.~\eqref{eq:grouped-likelihood} treats a subject censored in interval $t$ as exposed through the interval. This is exact only when censoring is aligned to the grid. In the four native-discrete cohorts used for the principal R2 comparison, the recorded censoring times were aligned in the tested configurations. A partial-interval likelihood changed $D_B$ only slightly: from $-0.00006$ to $-0.00019$ for support2 at $T=60$, from 0.06769 to 0.06717 for sparcs/drg302 at $T=30$, from 0.00923 to 0.00915 for clinic at $T=50$, and from 0.00047 to 0.00009 for music at $T=240$."
546,Censoring and grid sensitivity,NONCLAIM_NO_NUMBER,line carries no checkable numeric claim,"The R1 controls are different. The proportion of censored observations potentially off a grid boundary was 72.5\% for flchain, 32.0\% for support-pycox, 85.8\% for nwtco and 42.1\% for metabric in the audited configurations. The corresponding partial-interval sensitivity moved $D_B$ from 0.00002 to $-0.00401$, 0.00034 to $-0.00839$, $-0.00012$ to $-0.00271$, and $-0.00069$ to $-0.00873$. For this reason the R1 cohort results are not used as empirical proof that exact grouping forces the formulations to agree."
557,Discussion,NONCLAIM_NO_NUMBER,line carries no checkable numeric claim,"For the prediction question, the large empirical difference was primarily a baseline-estimation effect. In the main 34 configurations, replacing the Breslow baseline by the Kalbfleisch--Prentice profile baseline while leaving the Efron coefficient unchanged reduced every resolved positive grouped advantage to an unresolved value. Independent validation did not give an exact null: three profile-baseline residuals were resolved. Their size was small, however, relative to the original Breslow differences. The data therefore support a narrower statement than a claim that grouped maximum likelihood and Cox regression are interchangeable. Under heavy ties, interval prediction from a Cox coefficient can depend materially on the baseline reconstruction; a profile-compatible baseline removes most of the observed likelihood gap."
559,Discussion,CITATION_NONCLAIM,See EXPERIMENT_MAP.md; not independently numerically checked,"This finding also clarifies the role of classical work on grouped failure times. Kalbfleisch and Prentice derived likelihood-based treatment of grouped Cox data and survivor estimation long before the present comparison \citep{kalbfleisch1973}. Allison described complementary-log-log event-history likelihoods in discrete time \citep{allison1982}, and Prentice and Kalbfleisch later considered mixed discrete and continuous Cox models \citep{prentice2003}. The contribution here is not a new baseline estimator. It is the decomposition of a modern prediction comparison under substantial ties, together with finite-grid information calculations and controlled tests of the concentration statistic."
563,Discussion,CITATION_NONCLAIM,See EXPERIMENT_MAP.md; not independently numerically checked,"Several limitations remain. First, the empirical comparison uses a finite set of cohorts and grids. The four independent SPARCS groups strengthen the baseline decomposition but are drawn from the same administrative data system. Second, the profile-baseline calculation holds the Cox coefficient fixed; residual differences can therefore reflect the coefficient estimator, joint estimation of $\alpha$ and $\beta$, or finite-sample interaction between them. Third, full-interval grouped likelihood contributions require aligned censoring. The partial-interval sensitivity shows that this idealisation matters for some artificially binned continuous-time controls. Fourth, the profiled information theorem treats an interval-specific nuisance baseline on a refining grouped model and is not a full semiparametric efficient-information calculation for an unknown continuous baseline. Finally, the corrected repeated-split standard error accounts for overlap in repeated train--test splits but does not turn the collection of configurations into independent hypothesis tests \citep{nadeau2003}."
605,Conclusion,CITATION_NONCLAIM,See EXPERIMENT_MAP.md; not independently numerically checked,"All datasets analysed in this study are publicly available from their original sources. SUPPORT data are available through the Vanderbilt University Department of Biostatistics \citep{support1995,vanderbiltSupport2026}. SPARCS data are provided by the New York State Department of Health \citep{nysdoh2012sparcs}. The clinic and music datasets are distributed with the DRSA study \citep{ren2019drsa}. The remaining benchmark cohorts are documented in their original publications and public survival-analysis distributions \citep{kvamme2019pycox,curtis2012metabric,dispenzieri2012flchain,breslow1999nwtco,foekens2000rotterdam,schumacher1994gbsg,katzman2018deepsurv}. No new participant-level data were collected."
